sku,offer,image,title,old_price,retailer_sku_code,urls,desc,price,categories,out_of_stock
127054,False,https://a4ucontent.blob.core.windows.net/images/0052022_0.png,Dole Konjac Apple Flavour Jelly 6x22G,,prod-data-id127054,https://a4ucontent.blob.core.windows.net/images/0052022_0.png,"Produce of Japan <br/> 
Dole Apple Flavour Konjac Jelly <br/> 
日本Dole果冻 （苹果口味）<br/> 
<small><span style= ""color: gray""> Net weight: 132g (22g x 6 sachets) </span></small><br/> <br/> 

<small><b
style=""color:orange"">Dole Konjac Jelly </b> is a fruity and tasty jelly made from well-selected konjac flour. It is rich in dietary fibre, which provides a host of health benefits to the digestive system.  <small>
",$2.50,,False
127050,False,https://a4ucontent.blob.core.windows.net/images/0052018_0.png,Dole Konjac Banana Flavour Jelly 6x22G,,prod-data-id127050,https://a4ucontent.blob.core.windows.net/images/0052018_0.png,"Produce of Japan <br/> 
Dole Banana Flavour Konjac Jelly <br/> 
日本Dole果冻 （香蕉口味）<br/> 
<small><span style= ""color: gray""> Net weight: 132g (22g x 6 sachets) </span></small><br/> <br/> 

<small><b
style=""color:orange"">Dole Konjac Jelly </b> is a fruity and tasty jelly made from well-selected konjac flour. It is rich in dietary fibre, which provides a host of health benefits to the digestive system.  <small>
",$2.50,,False
127052,False,https://a4ucontent.blob.core.windows.net/images/0052020_0.png,Dole Konjac Grape Flavour Jelly 6x22G,,prod-data-id127052,https://a4ucontent.blob.core.windows.net/images/0052020_0.png,"Produce of Japan <br/> 
Dole Grape Flavour Konjac Jelly <br/> 
日本Dole果冻 （葡萄口味）<br/> 
<small><span style= ""color: gray""> Net weight: 132g (22g x 6 sachets) </span></small><br/> <br/> 

<small><b
style=""color:orange"">Dole Konjac Jelly </b> is a fruity and tasty jelly made from well-selected konjac flour. It is rich in dietary fibre, which provides a host of health benefits to the digestive system.  <small>
",$2.50,,False
127053,False,https://a4ucontent.blob.core.windows.net/images/0052021_0.png,Dole Konjac Mango Flavour Jelly 6x22G,,prod-data-id127053,https://a4ucontent.blob.core.windows.net/images/0052021_0.png,"Produce of Japan <br/> 
Dole Mango Flavour Konjac Jelly <br/> 
日本Dole果冻 （芒果口味）<br/> 
<small><span style= ""color: gray""> Net weight: 132g (22g x 6 sachets) </span></small><br/> <br/> 

<small><b
style=""color:orange"">Dole Konjac Jelly </b> is a fruity and tasty jelly made from well-selected konjac flour. It is rich in dietary fibre, which provides a host of health benefits to the digestive system.  <small>
",$2.50,,False
127051,False,https://a4ucontent.blob.core.windows.net/images/0052019_0.png,Dole Konjac Peach Flavour Jelly 6x22G,,prod-data-id127051,https://a4ucontent.blob.core.windows.net/images/0052019_0.png,"Produce of Japan <br/> 
Dole Peach Flavour Konjac Jelly <br/> 
日本Dole果冻 （桃子口味）<br/> 
<small><span style= ""color: gray""> Net weight: 132g (22g x 6 sachets) </span></small><br/> <br/> 

<small><b
style=""color:orange"">Dole Konjac Jelly </b> is a fruity and tasty jelly made from well-selected konjac flour. It is rich in dietary fibre, which provides a host of health benefits to the digestive system.  <small>
",$2.50,,False
127049,False,https://a4ucontent.blob.core.windows.net/images/0052016_0.png,Dole Konjac Pineapple Flavor Jelly 6x22G,,prod-data-id127049,https://a4ucontent.blob.core.windows.net/images/0052016_0.png,"Produce of Japan <br/> 
Dole Pineapple Flavour Konjac Jelly <br/> 
日本Dole果冻 （黄梨口味）<br/> 
<small><span style= ""color: gray""> Net weight: 132g (22g x 6 sachets) </span></small><br/> <br/> 

<small><b
style=""color:orange"">Dole Konjac Jelly </b> is a fruity and tasty jelly made from well-selected konjac flour. It is rich in dietary fibre, which provides a host of health benefits to the digestive system.  <small>
",$2.50,,False
86059,False,https://a4ucontent.blob.core.windows.net/images/0043277_0.png,Chill Minced Beef 220G,,prod-data-id86059,https://a4ucontent.blob.core.windows.net/images/0043277_0.png,"Jean Fresh<br/>
Chilled Minced Beef<br/>
牛肉馅 <br/>
<span style=""color: grey"">220G</span>",$3.60,,False
86210,False,https://a4ucontent.blob.core.windows.net/images/0051453_0.png,Chill Omasum Beef,,prod-data-id86210,https://a4ucontent.blob.core.windows.net/images/0051453_0.png,"Chill Omasum Beef <br/>
牛肉瓣胃<br/>
<span style=""color: grey;"">230G</span>",$3.60,,False
117839,False,https://a4ucontent.blob.core.windows.net/images/0043279_0.png,JF Chill Stir-Fry Beef Cubes 200G,,prod-data-id117839,https://a4ucontent.blob.core.windows.net/images/0043279_0.png,"Jean Fresh <br/>
Stir-Fry Beef Cubes <br/>
新鲜牛肉块 <br/>
<span style=""color: grey;"">200 g</span>",$5.30,,False
117841,False,https://a4ucontent.blob.core.windows.net/images/0043280_0.png,JF Chill Stir-Fry Beef Slices 200G,,prod-data-id117841,https://a4ucontent.blob.core.windows.net/images/0043280_0.png,"Jean Fresh <br/>
Chill Stir-Fry Beef Slices <br/>
新鲜牛肉片 <br/>
<span style= ""color: gray"">200G</span>",$5.30,,False
85804,False,https://a4ucontent.blob.core.windows.net/images/0051540_0.png,Chill Mutton Tripes 200G,,prod-data-id85804,https://a4ucontent.blob.core.windows.net/images/0051540_0.png,"Chill Mutton Tripes <br/>
羊肚 <br/>
<span style =""color:grey""> 200g </span>",$2.80,,False
15991,False,https://a4ucontent.blob.core.windows.net/images/0052009_0.png,Santa X'MAS Jelly Pop 12S 336G,,prod-data-id15991,https://a4ucontent.blob.core.windows.net/images/0052009_0.png,"Santa X'MAS Jelly Pop<br/>
<span style=""color: grey;"">12S (336G)</span>
",$7.80,,False
115573,False,https://a4ucontent.blob.core.windows.net/images/0052014_0.png,Spangler 910 Color C/Cane 12S 170G,,prod-data-id115573,https://a4ucontent.blob.core.windows.net/images/0052014_0.png,"Spangler 910 Color Candy Cane<br/>
(Cherry Flavored) <br/>
<span style=""color: grey;"">12S (170G)</span>
  ",$3.90,,False
115572,False,https://a4ucontent.blob.core.windows.net/images/0052013_0.png,Spangler 927 R&W Candy Cane 12S 170G,,prod-data-id115572,https://a4ucontent.blob.core.windows.net/images/0052013_0.png,"Spangler 927 R&W Candy Cane<br/>
(Natural Peppermint)<br/>
<span style=""color: grey;"">12S (170G)</span>",$3.90,,False
52961,False,https://a4ucontent.blob.core.windows.net/images/default-image_0.png,Credo Attap Seed 360G,,prod-data-id52961,https://a4ucontent.blob.core.windows.net/images/default-image_0.png,"Credo <br/>
Attap Seed <br/>
<span style =""color:grey""> 360g </span>",$2.05,,False
115571,False,https://a4ucontent.blob.core.windows.net/images/0052012_0.png,Spangler 932 R/Gw Peppermint 12S 170G,,prod-data-id115571,https://a4ucontent.blob.core.windows.net/images/0052012_0.png,"Spangler 932 R/Gw Peppermint<br/>
<span style=""color: grey;"">12S (170G)</span> ",$3.90,,False
79406,True,https://a4ucontent.blob.core.windows.net/images/0047434_0.png,Ice Cool Lychee Delight 565G,,prod-data-id79406,https://a4ucontent.blob.core.windows.net/images/0047434_0.png,"Ice Cool <br/>
Lychee Delight <br/>
<span style= ""color: gray"">565 G</span>",$1.75,,False
79414,True,https://a4ucontent.blob.core.windows.net/images/0047433_0.png,Ice Cool Honey Sea Coconut 565G,,prod-data-id79414,https://a4ucontent.blob.core.windows.net/images/0047433_0.png,"Ice Cool <br/>
Honey Sea Coconut  <br/>
<span style= ""color: gray"">565 G</span>",$2.30,,False
79399,True,https://a4ucontent.blob.core.windows.net/images/0047430_0.png,Ice Cool Longan 565G,,prod-data-id79399,https://a4ucontent.blob.core.windows.net/images/0047430_0.png,"Ice Cool <br/>
Longan  <br/>
<span style= ""color: gray"">565 G</span>",$1.95,,False
79374,True,https://a4ucontent.blob.core.windows.net/images/0047422_0.png,Ice Cool Tropical F/Cocktail 850G,,prod-data-id79374,https://a4ucontent.blob.core.windows.net/images/0047422_0.png,"Ice Cool <br/>
Tropical Fruit Cocktail <br/>
<span style= ""color: gray""> 850 G </span>",$1.95,,False
79385,False,https://a4ucontent.blob.core.windows.net/images/0047428_0.png,Mili Pineapple Cubes 454G,,prod-data-id79385,https://a4ucontent.blob.core.windows.net/images/0047428_0.png,"Mili <br/>
Pineapple Cubes <br/>
<span style=""color: grey;"">454 G</span>",$1.70,,False
80496,True,https://a4ucontent.blob.core.windows.net/images/0047495_0.png,Greenland Lychee 565G,,prod-data-id80496,https://a4ucontent.blob.core.windows.net/images/0047495_0.png,"Greenland <br/>
Lychee <br/>
<span style= ""color: gray""> 565 G </span>",$2.00,,False
80498,True,https://a4ucontent.blob.core.windows.net/images/0047496_0.png,Greenland Longan 565G,,prod-data-id80498,https://a4ucontent.blob.core.windows.net/images/0047496_0.png,"Greenland <br/>
Longan <br/>
<span style= ""color: gray""> 565 G </span>",$2.20,,False
79413,False,https://a4ucontent.blob.core.windows.net/images/0047431_0.png,Mili Pineapple Slices 565G,,prod-data-id79413,https://a4ucontent.blob.core.windows.net/images/0047431_0.png,"Mili <br/>
Pineapple Slices <br/>
<span style=""color: grey;"">565 G</span>
",$1.70,,False
79395,True,https://a4ucontent.blob.core.windows.net/images/0047429_0.png,Mili Longan 565G,,prod-data-id79395,https://a4ucontent.blob.core.windows.net/images/0047429_0.png,"Mili <br/>
Longan <br/>
<span style=""color: grey"">565 G</span>",$2.40,,False
79411,True,https://a4ucontent.blob.core.windows.net/images/0047432_0.png,Mili Lychees 565G,,prod-data-id79411,https://a4ucontent.blob.core.windows.net/images/0047432_0.png,"Mili <br/>
Lychees <br/>
<span style=""color: grey;"">565 G</span>
",$2.15,,False
80482,True,https://a4ucontent.blob.core.windows.net/images/0047493_0.png,Mili Honey Sea Coconut 565G,,prod-data-id80482,https://a4ucontent.blob.core.windows.net/images/0047493_0.png,"Mili <br/>
Honey Sea Coconut <br/>
<span style= ""color: gray""> 565 G </span>",$2.30,,False
1923,True,https://a4ucontent.blob.core.windows.net/images/0047158_0.png,Fruit King Longan IN Syrup 565G,,prod-data-id1923,https://a4ucontent.blob.core.windows.net/images/0047158_0.png,"Fruit King <br/>
Longan In Syrup <br/>
<span style= ""color: gray""> 565 G </span>",$1.85,,False
1924,True,https://a4ucontent.blob.core.windows.net/images/0047519_0.png,Fruit King Lychee IN Syrup 565G,,prod-data-id1924,https://a4ucontent.blob.core.windows.net/images/0047519_0.png,"Fruit King <br/>
Lychee In Syrup <br/>
<span style= ""color: gray""> 565 G </span>",$1.50,,False
80666,False,https://a4ucontent.blob.core.windows.net/images/0047160_0.png,Fruit King Pineapple Slice IN Syrup 565G,,prod-data-id80666,https://a4ucontent.blob.core.windows.net/images/0047160_0.png,"Fruit King <br/>
Pineapple Slice In Syrup <br/>
<span style= ""color: gray""> 565 G </span>",$1.40,,False
1925,True,https://a4ucontent.blob.core.windows.net/images/0047159_0.png,Fruit King Rambutan Pineapple 565G,,prod-data-id1925,https://a4ucontent.blob.core.windows.net/images/0047159_0.png,"Fruit King <br/>
Rambutan Pineapple <br/>
<span style= ""color: gray""> 565G </span>",$2.10,,False
114886,False,https://a4ucontent.blob.core.windows.net/images/0047206_0.png,Hosen Longan 234G,,prod-data-id114886,https://a4ucontent.blob.core.windows.net/images/0047206_0.png,"Hosen <br/>
Longan in Syrup <br/>
<span style=""color: grey"">234 G</span>",$1.65,,False
114887,False,https://a4ucontent.blob.core.windows.net/images/0014031_0.png,Hosen Rambutan Pineapple 234G,,prod-data-id114887,https://a4ucontent.blob.core.windows.net/images/0014031_0.png,"Hosen <br/>
Rambutan Stuffed with Pinepple in Syrup <br/>
<span style=""color: grey;"">234G</span>",$1.65,,False
80173,False,https://a4ucontent.blob.core.windows.net/images/0047145_0.png,Hosen Pineapple Cubes 565G,,prod-data-id80173,https://a4ucontent.blob.core.windows.net/images/0047145_0.png,"Hosen <br/>
Pineapple Cubes <br/>
<span style=""color: grey"">565 G</span>",$1.70,,False
79382,False,https://a4ucontent.blob.core.windows.net/images/0047426_0.png,Hosen Rambutan Pineapple 565G,,prod-data-id79382,https://a4ucontent.blob.core.windows.net/images/0047426_0.png,"Hosen <br/>
Rambutan Pineapple <br/>
<span style=""color: grey"">565 G</span>",$2.65,,False
79797,False,https://a4ucontent.blob.core.windows.net/images/0047094_0.png,Hosen Rambutan 565G,,prod-data-id79797,https://a4ucontent.blob.core.windows.net/images/0047094_0.png,"Hosen <br/>
Rambutan <br/>
<span style=""color: grey"">565 G</span>",$2.65,,False
117381,True,https://a4ucontent.blob.core.windows.net/images/0046560_0.png,F&N Nutri Soya Milk Regular 300ML,,prod-data-id117381,https://a4ucontent.blob.core.windows.net/images/0046560_0.png,"F&N <br/>
Nutri Soya Milk Regular <br/>
<span style= ""color: gray"">300 ml</span></style>",$0.75,,False
1892,False,https://a4ucontent.blob.core.windows.net/images/0047427_0.png,Hosen Longan 565G,,prod-data-id1892,https://a4ucontent.blob.core.windows.net/images/0047427_0.png,"Hosen <br/>
Longan <br/>
<span style= ""color: gray""> 565 G </span>",$2.40,,False
79381,False,https://a4ucontent.blob.core.windows.net/images/0047419_0.png,Hosen Lychee 565G,,prod-data-id79381,https://a4ucontent.blob.core.windows.net/images/0047419_0.png,"Hosen <br/>
Lychee <br/>
<span style=""color: grey"">565 G</span>",$2.05,,False
50505,True,https://a4ucontent.blob.core.windows.net/images/0048587_0.png,Marigold Lemon Barley 6X250ML,,prod-data-id50505,https://a4ucontent.blob.core.windows.net/images/0048587_0.png,"Marigold <br/>
Lemon Barley Drink <br/>
<span style= ""color: gray"">6X250ML</span>",$2.30,,False
50503,True,https://a4ucontent.blob.core.windows.net/images/0048585_0.png,Marigold Soya Bean 6X250ML,,prod-data-id50503,https://a4ucontent.blob.core.windows.net/images/0048585_0.png,"Marigold <br/>
Soya Bean Drink <br/>
<span style= ""color: gray""> 6X250ML </span>",$2.30,,False
79398,False,https://a4ucontent.blob.core.windows.net/images/0047425_0.png,Hosen Honey Sea Coconut 565G,,prod-data-id79398,https://a4ucontent.blob.core.windows.net/images/0047425_0.png,"Hosen <br/>
Honey Sea Coconut <br/>
<span style=""color: grey"">565 G</span>",$2.85,,False
79900,False,https://a4ucontent.blob.core.windows.net/images/0047108_0.png,Hosen Peaches Slice 825G,,prod-data-id79900,https://a4ucontent.blob.core.windows.net/images/0047108_0.png,"Hosen <br/>
Peaches Slice <br/>
<span style=""color: grey"">825G</span>",$3.45,,False
79429,False,https://a4ucontent.blob.core.windows.net/images/0047437_0.png,Hosen Peaches Halfs 825G,,prod-data-id79429,https://a4ucontent.blob.core.windows.net/images/0047437_0.png,"Hosen <br/>
Peaches - Half <br/>
<span style=""color: grey"">825 G</span>",$3.45,,False
79850,False,https://a4ucontent.blob.core.windows.net/images/0047102_0.png,Hosen Fruit Cocktail(S.A) 825G,,prod-data-id79850,https://a4ucontent.blob.core.windows.net/images/0047102_0.png,"Hosen <br/>
Fruit Cocktail In Syrup <br/>
<span style=""color: grey"">825 G</span>",$3.80,,False
80448,False,https://a4ucontent.blob.core.windows.net/images/0010634_0.png,Delmonte F/Cut P'APPLE Chunks 567G,,prod-data-id80448,https://a4ucontent.blob.core.windows.net/images/0010634_0.png,"Delmonte <br/>
Fresh Cut Pineapple Chunks <br/>
<span style= ""color: gray""> 567G </span>",$2.75,,False
80583,False,https://a4ucontent.blob.core.windows.net/images/0047508_0.png,Delmonte F/Cut Peach Halves 825G,,prod-data-id80583,https://a4ucontent.blob.core.windows.net/images/0047508_0.png,"Del Monte <br/>
Fresh Cut Peach Halves <br/>
<span style= ""color: gray""> 825 G </span>",$4.20,,False
79924,False,https://a4ucontent.blob.core.windows.net/images/0047111_0.png,Delmonte F/Cut Peach Sliced 825G,,prod-data-id79924,https://a4ucontent.blob.core.windows.net/images/0047111_0.png,"Delmonte  <br/>
Fresh Cut Peach Sliced <br/>
<span style= ""color: gray""> 825 G </span>",$4.20,,False
1921,False,https://a4ucontent.blob.core.windows.net/images/0047481_0.png,Delmonte F/Cut Fruit Cocktail 825G,,prod-data-id1921,https://a4ucontent.blob.core.windows.net/images/0047481_0.png,"Del Monte <br/>
Fresh Cut Fruit Cocktail <br/>
<span style= ""color: gray""> 825 G </span>",$4.60,,False
80071,False,https://a4ucontent.blob.core.windows.net/images/0047131_0.png,Delmonte Fiesta Fruit C'TAIL 850G,,prod-data-id80071,https://a4ucontent.blob.core.windows.net/images/0047131_0.png,"Del Monte <br/>
Fiesta Fruit Cocktail <br/>
<span style= ""color: gray""> 850 G </span>",$3.10,,False
80093,False,https://a4ucontent.blob.core.windows.net/images/0014024_0.png,Yifon Loquats In Syrup 567G,,prod-data-id80093,https://a4ucontent.blob.core.windows.net/images/0014024_0.png,"Yifon <br/>
Loquats in Syrup <br/>
<span style=""color: grey;"">567G</span>",$1.55,,False
80024,True,https://a4ucontent.blob.core.windows.net/images/0047134_0.png,Ufc Longan 565G,,prod-data-id80024,https://a4ucontent.blob.core.windows.net/images/0047134_0.png,"UFC <br/>
Longan <br/>
<span style=""color: grey;"">565 G</span>
",$1.90,,False
80026,True,https://a4ucontent.blob.core.windows.net/images/0047132_0.png,Ufc Rambutan 565G,,prod-data-id80026,https://a4ucontent.blob.core.windows.net/images/0047132_0.png,"UFC <br/>
Rambutan  <br/>
<span style= ""color: gray""> 565 G </span>",$2.10,,False
87883,False,https://a4ucontent.blob.core.windows.net/images/0043506_0.png,Pureen Pacifier Chain(Dolphin),,prod-data-id87883,https://a4ucontent.blob.core.windows.net/images/0043506_0.png,"Pureen  <br/>
Pacifier Chain <br/> 
<span style= ""color: gray""> 1S </span>",$2.60,,False
86597,False,https://a4ucontent.blob.core.windows.net/images/0043507_0.png,Pureen Brush W/Sponge Tip NBY06,,prod-data-id86597,https://a4ucontent.blob.core.windows.net/images/0043507_0.png,"Pureen  <br/>
Brush With Sponge Bottle Cleaning Brush  <br/> 
<span style= ""color: gray""> 1S </span>",$3.50,,False
86649,False,https://a4ucontent.blob.core.windows.net/images/0043509_0.png,Pureen W/Filled Teether-O WFT025,,prod-data-id86649,https://a4ucontent.blob.core.windows.net/images/0043509_0.png,"Pureen  <br/>
Chewy Silicon Teether <br/> 
<span style= ""color: gray""> 1S </span>",$3.35,,False
58236,False,https://a4ucontent.blob.core.windows.net/images/0045128_0.png,N/Valley Granola Bar Apple Crips 252G,,prod-data-id58236,https://a4ucontent.blob.core.windows.net/images/0045128_0.png,"Nature Valley <br/>
Apple Crisps Granola Bar <br/>
<span style= ""color: gray"">252G</span>",$5.85,,False
124252,False,https://a4ucontent.blob.core.windows.net/images/0045087_0.png,"T/Garden C'BAR Apricot,apple&R'sin 126G",,prod-data-id124252,https://a4ucontent.blob.core.windows.net/images/0045087_0.png,"Tong Garden <br/>
Apricot, Apple & Raisin Cereal Bars <br/>
<span style= ""color: gray"">126G</span>",$4.20,,False
124254,False,https://a4ucontent.blob.core.windows.net/images/0045088_0.png,T/Garden Cereal Bars Hazelnut 150G,,prod-data-id124254,https://a4ucontent.blob.core.windows.net/images/0045088_0.png,"Tong Garden <br/>
Hazelnut Cereal Bars <br/>
<span style= ""color: gray"">150G</span>",$4.20,,False
124250,False,https://a4ucontent.blob.core.windows.net/images/0047713_0.png,T/Garden Cereal Bars Mango 126G,,prod-data-id124250,https://a4ucontent.blob.core.windows.net/images/0047713_0.png,"Tong Garden <br/>
Mango Cereal Bars <br/>
<span style= ""color: gray"">126G</span>",$4.20,,False
124253,False,https://a4ucontent.blob.core.windows.net/images/0045092_0.png,T/Garden Cereal Bars Straw&W/Choco 126G,,prod-data-id124253,https://a4ucontent.blob.core.windows.net/images/0045092_0.png,"Tong Garden <br/>
Strawberry & White Chocolate Cereal Bars <br/>
<span style= ""color: gray"">126G</span>",$4.20,,False
58549,True,https://a4ucontent.blob.core.windows.net/images/0045167_0.png,Alive Energise Almond Nut Bars 6X33G,,prod-data-id58549,https://a4ucontent.blob.core.windows.net/images/0045167_0.png,"Alive<br/>
Energise Almond Nut Bars<br/>
<span style= ""color: gray""> 6X33G</span>",$4.95,,False
59029,True,https://a4ucontent.blob.core.windows.net/images/0014209_0.png,Alive Muesli Bar Oats&Choc 6X33G,,prod-data-id59029,https://a4ucontent.blob.core.windows.net/images/0014209_0.png,"Alive<br/>
Muesli Bar- Oats & Chocolate<br/>
<span style= ""color: gray""> 6X33G </span>",$4.95,,False
59554,False,https://a4ucontent.blob.core.windows.net/images/0045172_0.png,N/Valley Granola Bars Variety Pack 254G,,prod-data-id59554,https://a4ucontent.blob.core.windows.net/images/0045172_0.png,"Nature Valley <br/>
Granola Bars- Variety Pack <br/>
<span style= ""color: gray""> 254G </span>",$5.85,,False
57193,False,https://a4ucontent.blob.core.windows.net/images/0018938_0.png,N/Valley Granola Bar OATS'N Honey 252G,,prod-data-id57193,https://a4ucontent.blob.core.windows.net/images/0018938_0.png,"Nature Valley <br/>
Granola Bar Oats and Honey <br/>
<span style= ""color: gray""> 252G </span>",$5.85,,False
57484,False,https://a4ucontent.blob.core.windows.net/images/0014206_0.png,N/Valley Granola Bar Roasted Almond 252G,,prod-data-id57484,https://a4ucontent.blob.core.windows.net/images/0014206_0.png,"Nature Valley<br/>
Roasted Almond Granola Bar <br/>
<span style= ""color: gray"">252G</span>",$5.85,,False
58199,False,https://a4ucontent.blob.core.windows.net/images/0045124_0.png,U/Tobys Bar Chewy Choc Chip 185G,,prod-data-id58199,https://a4ucontent.blob.core.windows.net/images/0045124_0.png,"UNCLE TOBY'S <br/>
Muesli Bar- Chewy- Choc Chip <br/>
<span style= ""color: gray""> 185G </span>",$6.55,,False
1542,False,https://a4ucontent.blob.core.windows.net/images/0045127_0.png,U/Tobys Chewy Bar F/Fruits 185G,,prod-data-id1542,https://a4ucontent.blob.core.windows.net/images/0045127_0.png,"UNCLE TOBY'S <br/>
Muesli Bar- Chewy- Forest Fruits <br/>
<span style= ""color: gray"">185G</span>",$6.55,,False
120918,False,https://a4ucontent.blob.core.windows.net/images/0042502_0.png,"Prevail Ex ABSORB(S)ADULT20-30""(51-86CM)",,prod-data-id120918,https://a4ucontent.blob.core.windows.net/images/0042502_0.png,"Prevail <br/>
Extra Absorb(s) Adult <br/>
<span style=""color:gray""> 20-30"" (51-86cm) </span>
",$21.80,,False
21435,True,https://a4ucontent.blob.core.windows.net/images/0010224_0.png,Prevail Protective Adult Pants M 10S,,prod-data-id21435,https://a4ucontent.blob.core.windows.net/images/0010224_0.png,"Prevail <br/>
Protective Adult Pants <br/>
<span style= ""color: gray""> (M) 10S </span>",$12.90,,False
21436,True,https://a4ucontent.blob.core.windows.net/images/0010225_0.png,Prevail Protective Adult Pants L 10S,,prod-data-id21436,https://a4ucontent.blob.core.windows.net/images/0010225_0.png,"Prevail <br/>
Protective Adult Pants <br/>
<span style= ""color: gray""> (L) 10S </span>",$12.90,,False
22407,True,https://a4ucontent.blob.core.windows.net/images/0005123_0.png,Softess Adult Diapers M 10S,,prod-data-id22407,https://a4ucontent.blob.core.windows.net/images/0005123_0.png,"Softess <br/>
Adult Diapers - Medium <br/>
<span style= ""color: gray""> 10S </span>",$5.60,,False
22408,True,https://a4ucontent.blob.core.windows.net/images/0005126_0.png,Softess Adult Diapers L 8S,,prod-data-id22408,https://a4ucontent.blob.core.windows.net/images/0005126_0.png,"Softess <br/>
Adult Diapers - Large <br/>
<span style= ""color: gray""> 8S </span>",$5.60,,False
119788,True,https://a4ucontent.blob.core.windows.net/images/0039061_0.png,Tena Value M 12S (New),,prod-data-id119788,https://a4ucontent.blob.core.windows.net/images/0039061_0.png,"Tena Pants <br/> 
<span style= ""color: gray""> (M) 12S </span>",$10.10,,False
28224,True,https://a4ucontent.blob.core.windows.net/images/0015061_0.png,Tena Pants M 14S,,prod-data-id28224,https://a4ucontent.blob.core.windows.net/images/0015061_0.png,"Tena Pants <br/> 
<small><span style= ""color: gray""> M 14S </span></small> ",$21.95,,False
875,True,https://a4ucontent.blob.core.windows.net/images/0039055_0.png,Tena Value L 10S (New),,prod-data-id875,https://a4ucontent.blob.core.windows.net/images/0039055_0.png,"Tena Pants <br/> 
<span style= ""color: gray""> (L) 10S </span>",$10.10,,False
21064,False,https://a4ucontent.blob.core.windows.net/images/0045575_0.png,Lifree Powerful Thin Pants M 10S,,prod-data-id21064,https://a4ucontent.blob.core.windows.net/images/0045575_0.png,"Lifree <br/>
Powerful Thin Pants <br/>
<span style=""color:gray""> (M) 10S </span>",$13.95,,False
28225,True,https://a4ucontent.blob.core.windows.net/images/0015062_0.png,Tena Pants L 14S,,prod-data-id28225,https://a4ucontent.blob.core.windows.net/images/0015062_0.png,"Tena Pants <br/> 
<span style= ""color: gray""> (L) 14S </span>",$25.95,,False
743,False,https://a4ucontent.blob.core.windows.net/images/0010223_0.png,Dr.P Special Diaper M 10S,,prod-data-id743,https://a4ucontent.blob.core.windows.net/images/0010223_0.png,"Dr.P <br/>
Special Diaper <br/>
<span style=""color:gray""> (M) 10S </span>",$5.80,,False
744,False,https://a4ucontent.blob.core.windows.net/images/0011261_0.png,Dr.P Special Diaper L 8S,,prod-data-id744,https://a4ucontent.blob.core.windows.net/images/0011261_0.png,"Dr.P <br/>
Special Diaper <br/>
<span style=""color:gray""> (L) 8S </span>",$5.80,,False
127067,True,https://a4ucontent.blob.core.windows.net/images/0051780_0.png,Yellow Lemon,,prod-data-id127067,https://a4ucontent.blob.core.windows.net/images/0051780_0.png,,$0.60,,False
117037,False,https://a4ucontent.blob.core.windows.net/images/0011499_0.png,CHN Kai Lan Stem (1-2s) (400-500G),,prod-data-id117037,https://a4ucontent.blob.core.windows.net/images/0011499_0.png,"Produce of China <br/>
Kai Lan Stem<br/>
中国芥兰茎 ",$1.50,,False
116768,False,https://a4ucontent.blob.core.windows.net/images/0011120_0.png,CHN Lotus Root (Wash) (700-800G),,prod-data-id116768,https://a4ucontent.blob.core.windows.net/images/0011120_0.png,"Produce of China <br/>
Lotus Root(Washed)<br/>
中国洗水莲藕 ",$3.85,,False
116774,False,https://a4ucontent.blob.core.windows.net/images/0011127_0.png,VNM Seedless Green Lime (4-5s) (300-350G,,prod-data-id116774,https://a4ucontent.blob.core.windows.net/images/0011127_0.png,"Produce of Vietnam <br/>
Seedless Green Lime<br/>
越南无籽青柠檬 ",$1.70,,False
32820,False,https://a4ucontent.blob.core.windows.net/images/0005899_0.png,THA Young Coconut,,prod-data-id32820,https://a4ucontent.blob.core.windows.net/images/0005899_0.png,"Produce of Thailand <br/>
Young Coconut<br/>
泰国椰子 ",$1.60,,False
116795,False,https://a4ucontent.blob.core.windows.net/images/0011146_0.png,CHN Huai Shan 1s (500-600G),,prod-data-id116795,https://a4ucontent.blob.core.windows.net/images/0011146_0.png,"Produce of China <br/>
Huai Shan (Wild Yam) <br/>
<span>中国淮山</span>",$2.90,,False
116793,False,https://a4ucontent.blob.core.windows.net/images/0011144_0.png,CHN Fen Ge/Arrow Root 1s (700-800G),,prod-data-id116793,https://a4ucontent.blob.core.windows.net/images/0011144_0.png,"Produce of China <br/>
Fen Ge/Arrow Root <br/>
<span>中国粉葛</span>
",$2.40,,False
116794,False,https://a4ucontent.blob.core.windows.net/images/0011145_0.png,CHN Niu Pang 1s (550-650G),,prod-data-id116794,https://a4ucontent.blob.core.windows.net/images/0011145_0.png,"Produce of China <br/>
Niu Pang Zi <br/>
<span>牛旁子</span>",$2.10,,False
32671,False,https://a4ucontent.blob.core.windows.net/images/0004657_0.png,CHN Garlic Sprouts 200G,,prod-data-id32671,https://a4ucontent.blob.core.windows.net/images/0004657_0.png,"Produce of China <br/>
Garlic Sprouts",$1.00,,False
33849,False,https://a4ucontent.blob.core.windows.net/images/0011219_0.png,THA Chive 150G,,prod-data-id33849,https://a4ucontent.blob.core.windows.net/images/0011219_0.png,"Produce of Thailand <br/>
Chive <br/>
泰国韭菜 ",$0.99,,False
116788,False,https://a4ucontent.blob.core.windows.net/images/0011139_0.png,THA Aloe Vera 1s (500-600G),,prod-data-id116788,https://a4ucontent.blob.core.windows.net/images/0011139_0.png,"Produce of Thailand <br/>
Aloe Vera",$1.35,,False
123336,False,https://a4ucontent.blob.core.windows.net/images/0039273_0.png,MYS Calamansi 200G,,prod-data-id123336,https://a4ucontent.blob.core.windows.net/images/0039273_0.png,Produce of Malaysia,$1.20,,False
116813,False,https://a4ucontent.blob.core.windows.net/images/0011164_0.png,THA Green Mango (2-3s) (400-500G),,prod-data-id116813,https://a4ucontent.blob.core.windows.net/images/0011164_0.png,"Produce of Thailand <br/>
Green Mango",$1.90,,False
116145,False,https://a4ucontent.blob.core.windows.net/images/0051414_0.png,IND Coconut,,prod-data-id116145,https://a4ucontent.blob.core.windows.net/images/0051414_0.png,"Produce of India <br/> 
Coconut <br/> 
印度老椰 ",$1.95,,False
120650,False,https://a4ucontent.blob.core.windows.net/images/0034276_0.png,CHN Yacon (1-2s) (300-400G),,prod-data-id120650,https://a4ucontent.blob.core.windows.net/images/0034276_0.png,"Produce of China <br/>
Yacon <br/>
雪莲果 ",$1.20,,False
116810,False,https://a4ucontent.blob.core.windows.net/images/0011161_0.png,MYS/VNM Turnip 1s (750-850G),,prod-data-id116810,https://a4ucontent.blob.core.windows.net/images/0011161_0.png,"Produce of Malaysia/Vietnam <br/>
Turnip <br/>
马来西亚/越南沙葛 <br/>
<span style= ""color: gray; font-style:italic""> Excellent source of Vitamin C; Good source of dietary fibre  </span>",$1.35,,False
33093,False,https://a4ucontent.blob.core.windows.net/images/0016286_0.png,CHN Water Chestnut 500G,,prod-data-id33093,https://a4ucontent.blob.core.windows.net/images/0016286_0.png,"Produce of China <br/>
Water Chestnut <br/>
中国洗水马蹄 （包装）",$1.60,,False
116797,False,https://a4ucontent.blob.core.windows.net/images/0011148_0.png,VNM/TWN Beet Root (2s) (350-450G),,prod-data-id116797,https://a4ucontent.blob.core.windows.net/images/0011148_0.png,"Produce of Vietnam/Taiwan <br/>
Beet Root <br/>
<span style= ""color: gray; font-style:italic""> Good source of dietary fibre &  folic acid </span>",$1.35,,False
33871,False,https://a4ucontent.blob.core.windows.net/images/0015181_0.png,THA Bamboo Shoot 300G,,prod-data-id33871,https://a4ucontent.blob.core.windows.net/images/0015181_0.png,"Produce of Thailand <br/>
Bamboo Shoot <br/>
<small><span style= ""color: gray""> 300g </span></small>",$2.20,,False
32682,False,https://a4ucontent.blob.core.windows.net/images/0016282_0.png,CHN Thumb Green Bamboo Shoot 500G,,prod-data-id32682,https://a4ucontent.blob.core.windows.net/images/0016282_0.png,Produce of China,$3.90,,False
32767,False,https://a4ucontent.blob.core.windows.net/images/0005885_0.png,CHN Natural Bamboo Shoot 250G,,prod-data-id32767,https://a4ucontent.blob.core.windows.net/images/0005885_0.png,Produce of China,$1.75,,False
